<?xml version="1.0" encoding="UTF-8"?>
    <addon id="repository.twilight0.fork" name="twilight0 fork repo" version="1.0.0" provider-name="atpanos">
        <requires>
            <import addon="xbmc.addon" version="12.0.0"/>
        </requires>
        <extension point="xbmc.addon.repository" name="twilight0 fork repo">
            <info compressed="false">https://raw.githubusercontent.com/atpanos/repo.twilight0.fork/master/_zips/addons.xml</info>
            <checksum>https://raw.githubusercontent.com/atpanos/repo.twilight0.fork/master/_zips/addons.xml.md5</checksum>
            <datadir zip="true">https://raw.githubusercontent.com/atpanos/repo.twilight0.fork/master/_zips/</datadir>
            <hashes>false</hashes>
        </extension>
        <extension point="xbmc.addon.metadata">
            <summary>fork of twilight0 repo</summary>
            <description>fork of twilight0 repo description.</description>
            <platform>all</platform>
    </extension>
</addon>